seq_id,tm
31390,2408.0
31391,2408.0
31392,2408.0
31393,2386.5
31394,2386.5
31395,2386.5
31396,2386.5
31397,2386.5
31398,2371.5
31399,2371.5
31400,2371.5
31401,2371.5
31402,2371.5
31403,2371.5
31404,2371.5
31405,2371.5
31406,2371.5
31407,2371.5
31408,2371.5
31409,2371.5
31410,2371.5
31411,2371.5
31412,2284.5
31413,2284.5
31414,2284.5
31415,2209.0
31416,2209.0
31417,2209.0
31418,2209.0
31419,2209.0
31420,2209.0
31421,2209.0
31422,2209.0
31423,2209.0
31424,2209.0
31425,2209.0
31426,2209.0
31427,2209.0
31428,1969.5
31429,1969.5
31430,1969.5
31431,1969.5
31432,1969.5
31433,2110.0
31434,1932.0
31435,1932.0
31436,1932.0
31437,1932.0
31438,1932.0
31439,1932.0
31440,1932.0
31441,1932.0
31442,1932.0
31443,1932.0
31444,1932.0
31445,1932.0
31446,1932.0
31447,1932.0
31448,1706.0
31449,1706.0
31450,1706.0
31451,1706.0
31452,1706.0
31453,1706.0
31454,1706.0
31455,1706.0
31456,1706.0
31457,1706.0
31458,1391.0
31459,1391.0
31460,1391.0
31461,1391.0
31462,1391.0
31463,1391.0
31464,1391.0
31465,1391.0
31466,1391.0
31467,1391.0
31468,1438.5
31469,682.5
31470,682.5
31471,682.5
31472,682.5
31473,682.5
31474,682.5
31475,682.5
31476,682.5
31477,682.5
31478,964.5
31479,1160.5
31480,1160.5
31481,1160.5
31482,1160.5
31483,1160.5
31484,1885.5
31485,1885.5
31486,1301.0
31487,1301.0
31488,1013.0
31489,1013.0
31490,361.5
31491,361.5
31492,1790.0
31493,1790.0
31494,1790.0
31495,1790.0
31496,1790.0
31497,1790.0
31498,2263.0
31499,2263.0
31500,2263.0
31501,2263.0
31502,2263.0
31503,1841.0
31504,1841.0
31505,1841.0
31506,1841.0
31507,1841.0
31508,1841.0
31509,1841.0
31510,1841.0
31511,1841.0
31512,1841.0
31513,1841.0
31514,1841.0
31515,803.0
31516,803.0
31517,803.0
31518,803.0
31519,803.0
31520,803.0
31521,803.0
31522,803.0
31523,803.0
31524,803.0
31525,803.0
31526,803.0
31527,803.0
31528,121.0
31529,121.0
31530,107.0
31531,107.0
31532,107.0
31533,107.0
31534,107.0
31535,107.0
31536,107.0
31537,5.5
31538,38.5
31539,38.5
31540,38.5
31541,38.5
31542,38.5
31543,38.5
31544,38.5
31545,38.5
31546,57.0
31547,57.0
31548,18.5
31549,18.5
31550,18.5
31551,18.5
31552,185.5
31553,185.5
31554,185.5
31555,185.5
31556,185.5
31557,374.0
31558,374.0
31559,374.0
31560,374.0
31561,374.0
31562,374.0
31563,374.0
31564,836.0
31565,836.0
31566,1568.5
31567,1568.5
31568,1568.5
31569,1568.5
31570,781.5
31571,781.5
31572,781.5
31573,781.5
31574,781.5
31575,781.5
31576,781.5
31577,781.5
31578,781.5
31579,1173.5
31580,1173.5
31581,1173.5
31582,1173.5
31583,1173.5
31584,1173.5
31585,1173.5
31586,1173.5
31587,1173.5
31588,255.5
31589,255.5
31590,255.5
31591,255.5
31592,255.5
31593,255.5
31594,255.5
31595,255.5
31596,255.5
31597,255.5
31598,160.5
31599,160.5
31600,160.5
31601,160.5
31602,160.5
31603,836.0
31604,836.0
31605,836.0
31606,836.0
31607,836.0
31608,836.0
31609,836.0
31610,836.0
31611,836.0
31612,836.0
31613,836.0
31614,1136.0
31615,1136.0
31616,1136.0
31617,1136.0
31618,1136.0
31619,1136.0
31620,1136.0
31621,1136.0
31622,1136.0
31623,1136.0
31624,1136.0
31625,1136.0
31626,623.0
31627,623.0
31628,623.0
31629,623.0
31630,623.0
31631,623.0
31632,623.0
31633,623.0
31634,623.0
31635,623.0
31636,623.0
31637,623.0
31638,623.0
31639,623.0
31640,1459.0
31641,1459.0
31642,1459.0
31643,1459.0
31644,1459.0
31645,1459.0
31646,1459.0
31647,1459.0
31648,1459.0
31649,1459.0
31650,1254.0
31651,1254.0
31652,1254.0
31653,766.5
31654,766.5
31655,766.5
31656,766.5
31657,766.5
31658,766.5
31659,766.5
31660,417.5
31661,417.5
31662,417.5
31663,417.5
31664,417.5
31665,417.5
31666,398.5
31667,290.5
31668,290.5
31669,290.5
31670,290.5
31671,290.5
31672,290.5
31673,310.0
31674,310.0
31675,310.0
31676,310.0
31677,310.0
31678,310.0
31679,107.0
31680,107.0
31681,107.0
31682,107.0
31683,107.0
31684,238.0
31685,238.0
31686,238.0
31687,238.0
31688,238.0
31689,238.0
31690,238.0
31691,238.0
31692,238.0
31693,238.0
31694,449.5
31695,566.0
31696,566.0
31697,566.0
31698,566.0
31699,566.0
31700,374.0
31701,374.0
31702,374.0
31703,374.0
31704,374.0
31705,374.0
31706,374.0
31707,374.0
31708,470.0
31709,1074.0
31710,1074.0
31711,1074.0
31712,1074.0
31713,1074.0
31714,1074.0
31715,1074.0
31716,1220.5
31717,1220.5
31718,1220.5
31719,1220.5
31720,820.5
31721,820.5
31722,820.5
31723,435.5
31724,1114.5
31725,1114.5
31726,1114.5
31727,1114.5
31728,1114.5
31729,1114.5
31730,1114.5
31731,1946.0
31732,1946.0
31733,1234.0
31734,1234.0
31735,1234.0
31736,1234.0
31737,1234.0
31738,1234.0
31739,1234.0
31740,1234.0
31741,1405.5
31742,1405.5
31743,1405.5
31744,1405.5
31745,1405.5
31746,1405.5
31747,1405.5
31748,1405.5
31749,1405.5
31750,1405.5
31751,1275.0
31752,1275.0
31753,1275.0
31754,1275.0
31755,1275.0
31756,1275.0
31757,1548.5
31758,1548.5
31759,1548.5
31760,1548.5
31761,1548.5
31762,1548.5
31763,1548.5
31764,1548.5
31765,1548.5
31766,1862.5
31767,1862.5
31768,1862.5
31769,1862.5
31770,1558.0
31771,1558.0
31772,1558.0
31773,1763.0
31774,1763.0
31775,1763.0
31776,1763.0
31777,1763.0
31778,1763.0
31779,709.5
31780,709.5
31781,709.5
31782,709.5
31783,709.5
31784,1352.0
31785,1352.0
31786,1352.0
31787,1352.0
31788,1352.0
31789,2122.5
31790,2122.5
31791,2122.5
31792,2122.5
31793,2122.5
31794,2122.5
31795,2122.5
31796,2145.0
31797,2145.0
31798,2145.0
31799,2145.0
31800,2145.0
31801,2145.0
31802,2145.0
31803,2096.0
31804,2096.0
31805,2096.0
31806,2096.0
31807,2096.0
31808,2096.0
31809,2096.0
31810,2096.0
31811,2263.0
31812,2263.0
31813,2263.0
31814,2263.0
31815,2133.5
31816,2133.5
31817,2133.5
31818,2133.5
31819,2133.5
31820,2133.5
31821,2133.5
31822,2133.5
31823,2103.0
31824,2195.5
31825,2195.5
31826,2195.5
31827,2195.5
31828,2195.5
31829,2195.5
31830,2195.5
31831,2195.5
31832,2195.5
31833,2195.5
31834,2195.5
31835,1862.5
31836,1862.5
31837,1862.5
31838,1862.5
31839,1862.5
31840,1862.5
31841,1775.0
31842,1775.0
31843,987.5
31844,987.5
31845,987.5
31846,987.5
31847,987.5
31848,987.5
31849,893.0
31850,893.0
31851,893.0
31852,893.0
31853,893.0
31854,893.0
31855,893.0
31856,893.0
31857,893.0
31858,893.0
31859,893.0
31860,893.0
31861,893.0
31862,934.0
31863,934.0
31864,934.0
31865,934.0
31866,934.0
31867,934.0
31868,934.0
31869,934.0
31870,934.0
31871,934.0
31872,934.0
31873,449.5
31874,449.5
31875,1376.5
31876,1376.5
31877,1376.5
31878,1.5
31879,1.5
31880,584.5
31881,1286.0
31882,1286.0
31883,1286.0
31884,1286.0
31885,321.0
31886,321.0
31887,321.0
31888,321.0
31889,321.0
31890,321.0
31891,321.0
31892,321.0
31893,321.0
31894,321.0
31895,737.0
31896,737.0
31897,737.0
31898,737.0
31899,737.0
31900,737.0
31901,737.0
31902,470.0
31903,470.0
31904,470.0
31905,470.0
31906,470.0
31907,470.0
31908,470.0
31909,523.0
31910,523.0
31911,893.0
31912,893.0
31913,893.0
31914,893.0
31915,1185.0
31916,1185.0
31917,1185.0
31918,1185.0
31919,1185.0
31920,1185.0
31921,1185.0
31922,1715.0
31923,1715.0
31924,1715.0
31925,18.5
31926,18.5
31927,18.5
31928,18.5
31929,18.5
31930,18.5
31931,137.0
31932,137.0
31933,137.0
31934,137.0
31935,137.0
31936,137.0
31937,344.0
31938,344.0
31939,344.0
31940,344.0
31941,344.0
31942,344.0
31943,344.0
31944,344.0
31945,344.0
31946,344.0
31947,344.0
31948,344.0
31949,344.0
31950,344.0
31951,344.0
31952,344.0
31953,1301.0
31954,1301.0
31955,1301.0
31956,1301.0
31957,1301.0
31958,1301.0
31959,1301.0
31960,1301.0
31961,1301.0
31962,1815.0
31963,1815.0
31964,1815.0
31965,1815.0
31966,1815.0
31967,1815.0
31968,1815.0
31969,987.5
31970,987.5
31971,987.5
31972,987.5
31973,987.5
31974,987.5
31975,987.5
31976,987.5
31977,987.5
31978,987.5
31979,987.5
31980,987.5
31981,987.5
31982,987.5
31983,987.5
31984,1995.5
31985,1995.5
31986,1995.5
31987,1995.5
31988,1995.5
31989,1995.5
31990,1995.5
31991,1995.5
31992,1995.5
31993,1995.5
31994,1995.5
31995,1995.5
31996,1625.0
31997,1625.0
31998,1625.0
31999,1625.0
32000,1625.0
32001,1625.0
32002,1625.0
32003,1625.0
32004,1625.0
32005,1625.0
32006,1051.5
32007,1051.5
32008,1051.5
32009,1051.5
32010,1051.5
32011,1051.5
32012,1051.5
32013,1051.5
32014,1051.5
32015,1051.5
32016,1051.5
32017,1051.5
32018,1051.5
32019,1051.5
32020,1051.5
32021,652.5
32022,652.5
32023,652.5
32024,652.5
32025,652.5
32026,652.5
32027,652.5
32028,652.5
32029,652.5
32030,652.5
32031,652.5
32032,652.5
32033,652.5
32034,652.5
32035,1534.5
32036,1534.5
32037,1534.5
32038,1534.5
32039,1534.5
32040,1051.5
32041,1051.5
32042,1051.5
32043,1051.5
32044,398.5
32045,398.5
32046,398.5
32047,398.5
32048,398.5
32049,398.5
32050,398.5
32051,398.5
32052,398.5
32053,398.5
32054,398.5
32055,398.5
32056,398.5
32057,398.5
32058,398.5
32059,398.5
32060,398.5
32061,398.5
32062,1092.0
32063,1092.0
32064,1092.0
32065,1092.0
32066,1092.0
32067,1092.0
32068,1474.5
32069,1474.5
32070,1474.5
32071,1474.5
32072,1474.5
32073,1474.5
32074,1474.5
32075,1474.5
32076,1474.5
32077,1438.5
32078,1438.5
32079,1438.5
32080,1438.5
32081,1254.0
32082,1254.0
32083,1254.0
32084,1490.0
32085,1490.0
32086,1490.0
32087,1490.0
32088,1490.0
32089,1490.0
32090,1490.0
32091,1490.0
32092,1490.0
32093,1490.0
32094,1490.0
32095,1490.0
32096,1490.0
32097,1490.0
32098,1490.0
32099,1490.0
32100,1490.0
32101,1649.5
32102,1649.5
32103,1649.5
32104,1649.5
32105,1649.5
32106,1649.5
32107,1649.5
32108,1649.5
32109,1649.5
32110,1649.5
32111,1900.0
32112,1900.0
32113,1900.0
32114,1900.0
32115,1900.0
32116,1900.0
32117,2087.0
32118,2087.0
32119,2087.0
32120,1741.0
32121,1750.0
32122,1750.0
32123,1750.0
32124,1750.0
32125,1750.0
32126,1750.0
32127,1750.0
32128,1750.0
32129,1750.0
32130,1750.0
32131,1728.0
32132,1728.0
32133,1728.0
32134,1728.0
32135,1512.0
32136,1957.5
32137,1957.5
32138,1957.5
32139,1957.5
32140,1957.5
32141,1957.5
32142,1957.5
32143,1957.5
32144,1957.5
32145,1981.0
32146,1981.0
32147,1981.0
32148,1981.0
32149,1981.0
32150,1981.0
32151,1981.0
32152,1981.0
32153,1981.0
32154,1981.0
32155,2222.5
32156,2222.5
32157,2222.5
32158,2222.5
32159,2222.5
32160,2359.0
32161,2359.0
32162,2359.0
32163,2359.0
32164,2359.0
32165,2348.0
32166,2348.0
32167,2348.0
32168,2348.0
32169,2348.0
32170,2348.0
32171,2348.0
32172,2348.0
32173,2348.0
32174,2348.0
32175,2348.0
32176,2308.0
32177,2308.0
32178,2308.0
32179,2308.0
32180,2308.0
32181,2308.0
32182,2308.0
32183,2308.0
32184,2308.0
32185,2322.5
32186,2322.5
32187,2322.5
32188,2322.5
32189,2322.5
32190,2322.5
32191,2322.5
32192,2322.5
32193,2322.5
32194,2322.5
32195,2322.5
32196,2335.5
32197,2335.5
32198,2335.5
32199,2335.5
32200,2335.5
32201,2335.5
32202,2335.5
32203,2296.5
32204,2296.5
32205,2012.5
32206,2012.5
32207,2012.5
32208,2012.5
32209,2012.5
32210,2012.5
32211,2012.5
32212,2012.5
32213,2012.5
32214,2012.5
32215,2012.5
32216,2012.5
32217,893.0
32218,893.0
32219,893.0
32220,893.0
32221,893.0
32222,893.0
32223,893.0
32224,893.0
32225,893.0
32226,893.0
32227,893.0
32228,893.0
32229,893.0
32230,893.0
32231,893.0
32232,523.0
32233,523.0
32234,523.0
32235,523.0
32236,652.5
32237,652.5
32238,652.5
32239,652.5
32240,652.5
32241,652.5
32242,652.5
32243,652.5
32244,1362.5
32245,1362.5
32246,1362.5
32247,1362.5
32248,1362.5
32249,2245.0
32250,2245.0
32251,2245.0
32252,2245.0
32253,2245.0
32254,2245.0
32255,2245.0
32256,2245.0
32257,2245.0
32258,2169.5
32259,2169.5
32260,2169.5
32261,2169.5
32262,2169.5
32263,2169.5
32264,1151.0
32265,1151.0
32266,1672.5
32267,1672.5
32268,1672.5
32269,1672.5
32270,1672.5
32271,1672.5
32272,1672.5
32273,1672.5
32274,1672.5
32275,1694.5
32276,1694.5
32277,1694.5
32278,273.0
32279,273.0
32280,273.0
32281,273.0
32282,222.0
32283,222.0
32284,222.0
32285,222.0
32286,222.0
32287,222.0
32288,222.0
32289,222.0
32290,222.0
32291,222.0
32292,38.5
32293,38.5
32294,38.5
32295,38.5
32296,38.5
32297,38.5
32298,38.5
32299,38.5
32300,38.5
32301,38.5
32302,38.5
32303,584.5
32304,584.5
32305,584.5
32306,584.5
32307,584.5
32308,584.5
32309,584.5
32310,584.5
32311,956.5
32312,956.5
32313,956.5
32314,956.5
32315,956.5
32316,956.5
32317,2182.0
32318,2182.0
32319,2182.0
32320,2182.0
32321,2045.5
32322,2045.5
32323,2045.5
32324,2045.5
32325,2045.5
32326,2045.5
32327,2045.5
32328,2045.5
32329,2045.5
32330,2045.5
32331,2045.5
32332,2045.5
32333,2045.5
32334,2045.5
32335,2060.0
32336,2060.0
32337,2060.0
32338,2060.0
32339,2060.0
32340,987.5
32341,934.0
32342,934.0
32343,934.0
32344,934.0
32345,934.0
32346,934.0
32347,934.0
32348,934.0
32349,858.5
32350,858.5
32351,858.5
32352,858.5
32353,858.5
32354,858.5
32355,858.5
32356,858.5
32357,858.5
32358,523.0
32359,523.0
32360,523.0
32361,523.0
32362,523.0
32363,523.0
32364,523.0
32365,523.0
32366,523.0
32367,523.0
32368,523.0
32369,523.0
32370,523.0
32371,1193.5
32372,1193.5
32373,2079.0
32374,2079.0
32375,2079.0
32376,2079.0
32377,2079.0
32378,1900.0
32379,1900.0
32380,1900.0
32381,1900.0
32382,1900.0
32383,1900.0
32384,1900.0
32385,1512.0
32386,1512.0
32387,1512.0
32388,1512.0
32389,1512.0
32390,1512.0
32391,1512.0
32392,1420.0
32393,1420.0
32394,1420.0
32395,1420.0
32396,1420.0
32397,1420.0
32398,1420.0
32399,1420.0
32400,344.0
32401,344.0
32402,1206.0
32403,1206.0
32404,1206.0
32405,1582.5
32406,1582.5
32407,1335.5
32408,1335.5
32409,1335.5
32410,1335.5
32411,1335.5
32412,1335.5
32413,1335.5
32414,1335.5
32415,1335.5
32416,1335.5
32417,1335.5
32418,1335.5
32419,1335.5
32420,1335.5
32421,623.0
32422,623.0
32423,623.0
32424,623.0
32425,623.0
32426,623.0
32427,623.0
32428,623.0
32429,623.0
32430,623.0
32431,682.5
32432,682.5
32433,682.5
32434,682.5
32435,682.5
32436,682.5
32437,682.5
32438,709.5
32439,709.5
32440,709.5
32441,709.5
32442,709.5
32443,709.5
32444,709.5
32445,709.5
32446,709.5
32447,709.5
32448,709.5
32449,709.5
32450,709.5
32451,73.5
32452,73.5
32453,73.5
32454,73.5
32455,73.5
32456,73.5
32457,73.5
32458,73.5
32459,73.5
32460,73.5
32461,73.5
32462,73.5
32463,73.5
32464,73.5
32465,73.5
32466,73.5
32467,207.0
32468,207.0
32469,207.0
32470,207.0
32471,207.0
32472,207.0
32473,207.0
32474,196.0
32475,196.0
32476,196.0
32477,196.0
32478,196.0
32479,196.0
32480,196.0
32481,196.0
32482,196.0
32483,2069.5
32484,2028.5
32485,2028.5
32486,2028.5
32487,2028.5
32488,2028.5
32489,2028.5
32490,2028.5
32491,1625.0
32492,1625.0
32493,1625.0
32494,1625.0
32495,1625.0
32496,1625.0
32497,1625.0
32498,1625.0
32499,1625.0
32500,1625.0
32501,1625.0
32502,1916.5
32503,1916.5
32504,1916.5
32505,1916.5
32506,1916.5
32507,1916.5
32508,1916.5
32509,1916.5
32510,1318.0
32511,1318.0
32512,1318.0
32513,1318.0
32514,1318.0
32515,303.0
32516,486.5
32517,486.5
32518,486.5
32519,486.5
32520,486.5
32521,486.5
32522,486.5
32523,486.5
32524,427.5
32525,427.5
32526,427.5
32527,427.5
32528,427.5
32529,427.5
32530,427.5
32531,427.5
32532,427.5
32533,427.5
32534,427.5
32535,427.5
32536,737.0
32537,737.0
32538,737.0
32539,737.0
32540,737.0
32541,737.0
32542,737.0
32543,737.0
32544,737.0
32545,737.0
32546,737.0
32547,737.0
32548,737.0
32549,737.0
32550,737.0
32551,1728.0
32552,1728.0
32553,2157.5
32554,2157.5
32555,2157.5
32556,2157.5
32557,2157.5
32558,2157.5
32559,2413.0
32560,2157.5
32561,2157.5
32562,2157.5
32563,2157.5
32564,2157.5
32565,2157.5
32566,1728.0
32567,1728.0
32568,1728.0
32569,1728.0
32570,1728.0
32571,1728.0
32572,737.0
32573,737.0
32574,486.5
32575,486.5
32576,486.5
32577,486.5
32578,486.5
32579,486.5
32580,486.5
32581,486.5
32582,303.0
32583,303.0
32584,303.0
32585,303.0
32586,1318.0
32587,1318.0
32588,1318.0
32589,1318.0
32590,1318.0
32591,1318.0
32592,1916.5
32593,1916.5
32594,1916.5
32595,1916.5
32596,1916.5
32597,1916.5
32598,1625.0
32599,1625.0
32600,1625.0
32601,1625.0
32602,1625.0
32603,1625.0
32604,1625.0
32605,2028.5
32606,2028.5
32607,2028.5
32608,2028.5
32609,2028.5
32610,2028.5
32611,2028.5
32612,2028.5
32613,2028.5
32614,2069.5
32615,2069.5
32616,2069.5
32617,2069.5
32618,2069.5
32619,2069.5
32620,2069.5
32621,1124.0
32622,1124.0
32623,1124.0
32624,207.0
32625,207.0
32626,207.0
32627,207.0
32628,207.0
32629,207.0
32630,290.5
32631,290.5
32632,290.5
32633,290.5
32634,290.5
32635,290.5
32636,290.5
32637,290.5
32638,290.5
32639,290.5
32640,290.5
32641,682.5
32642,682.5
32643,682.5
32644,682.5
32645,682.5
32646,682.5
32647,682.5
32648,682.5
32649,412.5
32650,412.5
32651,623.0
32652,623.0
32653,623.0
32654,623.0
32655,435.5
32656,435.5
32657,1136.0
32658,1136.0
32659,1136.0
32660,1136.0
32661,1335.5
32662,1335.5
32663,1335.5
32664,1335.5
32665,1335.5
32666,1335.5
32667,1335.5
32668,1335.5
32669,1335.5
32670,1335.5
32671,1582.5
32672,1582.5
32673,1582.5
32674,1582.5
32675,1582.5
32676,1582.5
32677,1582.5
32678,1582.5
32679,1582.5
32680,1582.5
32681,1582.5
32682,1582.5
32683,1582.5
32684,1582.5
32685,1206.0
32686,1206.0
32687,1206.0
32688,1206.0
32689,1206.0
32690,1206.0
32691,1206.0
32692,1206.0
32693,1206.0
32694,1206.0
32695,1206.0
32696,1206.0
32697,1025.0
32698,1025.0
32699,1025.0
32700,1025.0
32701,1025.0
32702,1025.0
32703,1025.0
32704,1025.0
32705,1025.0
32706,1025.0
32707,1025.0
32708,1025.0
32709,1025.0
32710,1025.0
32711,1025.0
32712,344.0
32713,344.0
32714,344.0
32715,344.0
32716,344.0
32717,344.0
32718,344.0
32719,344.0
32720,1420.0
32721,1420.0
32722,1420.0
32723,1420.0
32724,1420.0
32725,1512.0
32726,1512.0
32727,1512.0
32728,1512.0
32729,1512.0
32730,1512.0
32731,1512.0
32732,1900.0
32733,1900.0
32734,2079.0
32735,2079.0
32736,2079.0
32737,2079.0
32738,2079.0
32739,2079.0
32740,1193.5
32741,1193.5
32742,1193.5
32743,1193.5
32744,1193.5
32745,1193.5
32746,1193.5
32747,1193.5
32748,523.0
32749,523.0
32750,858.5
32751,858.5
32752,858.5
32753,934.0
32754,934.0
32755,934.0
32756,934.0
32757,934.0
32758,934.0
32759,934.0
32760,934.0
32761,934.0
32762,987.5
32763,987.5
32764,987.5
32765,987.5
32766,987.5
32767,987.5
32768,987.5
32769,987.5
32770,2060.0
32771,2060.0
32772,2060.0
32773,2060.0
32774,2060.0
32775,2060.0
32776,2045.5
32777,2045.5
32778,2045.5
32779,2045.5
32780,2182.0
32781,2182.0
32782,2182.0
32783,2182.0
32784,2182.0
32785,2182.0
32786,2182.0
32787,2182.0
32788,2182.0
32789,956.5
32790,956.5
32791,956.5
32792,956.5
32793,956.5
32794,956.5
32795,556.5
32796,556.5
32797,556.5
32798,556.5
32799,556.5
32800,556.5
32801,556.5
32802,556.5
32803,556.5
32804,556.5
32805,584.5
32806,584.5
32807,584.5
32808,584.5
32809,584.5
32810,584.5
32811,584.5
32812,584.5
32813,222.0
32814,222.0
32815,222.0
32816,222.0
32817,222.0
32818,222.0
32819,222.0
32820,273.0
32821,273.0
32822,273.0
32823,273.0
32824,273.0
32825,273.0
32826,273.0
32827,273.0
32828,273.0
32829,273.0
32830,273.0
32831,858.5
32832,858.5
32833,858.5
32834,858.5
32835,858.5
32836,858.5
32837,858.5
32838,858.5
32839,1598.5
32840,1598.5
32841,1598.5
32842,1598.5
32843,1598.5
32844,1598.5
32845,1598.5
32846,1598.5
32847,1598.5
32848,1598.5
32849,1598.5
32850,1598.5
32851,1598.5
32852,1598.5
32853,1598.5
32854,1598.5
32855,1694.5
32856,1694.5
32857,1694.5
32858,1694.5
32859,1694.5
32860,1672.5
32861,1151.0
32862,1151.0
32863,1151.0
32864,1151.0
32865,1151.0
32866,1151.0
32867,1151.0
32868,2169.5
32869,2169.5
32870,2169.5
32871,2169.5
32872,2169.5
32873,2169.5
32874,1362.5
32875,1362.5
32876,1362.5
32877,1362.5
32878,1362.5
32879,1362.5
32880,1362.5
32881,652.5
32882,652.5
32883,523.0
32884,523.0
32885,523.0
32886,523.0
32887,523.0
32888,523.0
32889,523.0
32890,523.0
32891,523.0
32892,523.0
32893,523.0
32894,523.0
32895,893.0
32896,2012.5
32897,2012.5
32898,2012.5
32899,2012.5
32900,2296.5
32901,2296.5
32902,2296.5
32903,2296.5
32904,2296.5
32905,2296.5
32906,2335.5
32907,2335.5
32908,2335.5
32909,2335.5
32910,2335.5
32911,2322.5
32912,2322.5
32913,2322.5
32914,2308.0
32915,2308.0
32916,2308.0
32917,2308.0
32918,2308.0
32919,2308.0
32920,2348.0
32921,2348.0
32922,2359.0
32923,2359.0
32924,2359.0
32925,2359.0
32926,2222.5
32927,2222.5
32928,2222.5
32929,2222.5
32930,2222.5
32931,2222.5
32932,2222.5
32933,2222.5
32934,2222.5
32935,1981.0
32936,1957.5
32937,1957.5
32938,1957.5
32939,1512.0
32940,1512.0
32941,1512.0
32942,1512.0
32943,1512.0
32944,1512.0
32945,1512.0
32946,1512.0
32947,1512.0
32948,1512.0
32949,1512.0
32950,1512.0
32951,1728.0
32952,1728.0
32953,1728.0
32954,1728.0
32955,1728.0
32956,1728.0
32957,1728.0
32958,1728.0
32959,1728.0
32960,1728.0
32961,1728.0
32962,1750.0
32963,1750.0
32964,1750.0
32965,1750.0
32966,1750.0
32967,1877.5
32968,1877.5
32969,1877.5
32970,1877.5
32971,1877.5
32972,1877.5
32973,1741.0
32974,1741.0
32975,2087.0
32976,2087.0
32977,1900.0
32978,1900.0
32979,1900.0
32980,1900.0
32981,1684.0
32982,1684.0
32983,1684.0
32984,1684.0
32985,1684.0
32986,1684.0
32987,1684.0
32988,1684.0
32989,1684.0
32990,1684.0
32991,1684.0
32992,1684.0
32993,1684.0
32994,1649.5
32995,1649.5
32996,1254.0
32997,1254.0
32998,1254.0
32999,1254.0
33000,1254.0
33001,1254.0
33002,1254.0
33003,1254.0
33004,1438.5
33005,1438.5
33006,1438.5
33007,1438.5
33008,1438.5
33009,1438.5
33010,1438.5
33011,1438.5
33012,1438.5
33013,1474.5
33014,1474.5
33015,1474.5
33016,1474.5
33017,1474.5
33018,1092.0
33019,1092.0
33020,1092.0
33021,1092.0
33022,1092.0
33023,1092.0
33024,1092.0
33025,1092.0
33026,1092.0
33027,398.5
33028,398.5
33029,1051.5
33030,1051.5
33031,1051.5
33032,1051.5
33033,1051.5
33034,1051.5
33035,1051.5
33036,1051.5
33037,1051.5
33038,1051.5
33039,1051.5
33040,1051.5
33041,1051.5
33042,1051.5
33043,1051.5
33044,1534.5
33045,1534.5
33046,1534.5
33047,1534.5
33048,1534.5
33049,1534.5
33050,1534.5
33051,1534.5
33052,1534.5
33053,1534.5
33054,1534.5
33055,1534.5
33056,1534.5
33057,652.5
33058,652.5
33059,652.5
33060,652.5
33061,652.5
33062,652.5
33063,1051.5
33064,1051.5
33065,1051.5
33066,1051.5
33067,1625.0
33068,1625.0
33069,1625.0
33070,1625.0
33071,1625.0
33072,1625.0
33073,1625.0
33074,1625.0
33075,1625.0
33076,1995.5
33077,1995.5
33078,1995.5
33079,1995.5
33080,1995.5
33081,1995.5
33082,987.5
33083,987.5
33084,987.5
33085,1815.0
33086,1815.0
33087,1815.0
33088,1815.0
33089,1815.0
33090,1815.0
33091,1815.0
33092,1815.0
33093,1815.0
33094,1815.0
33095,1815.0
33096,1815.0
33097,1815.0
33098,1815.0
33099,1815.0
33100,1815.0
33101,1815.0
33102,1815.0
33103,1815.0
33104,1815.0
33105,1815.0
33106,1815.0
33107,1815.0
33108,1815.0
33109,1815.0
33110,1815.0
33111,1301.0
33112,1301.0
33113,1301.0
33114,1301.0
33115,1301.0
33116,1301.0
33117,1301.0
33118,1301.0
33119,344.0
33120,344.0
33121,344.0
33122,344.0
33123,344.0
33124,344.0
33125,344.0
33126,137.0
33127,137.0
33128,137.0
33129,137.0
33130,137.0
33131,137.0
33132,137.0
33133,137.0
33134,137.0
33135,137.0
33136,137.0
33137,137.0
33138,137.0
33139,137.0
33140,137.0
33141,137.0
33142,137.0
33143,137.0
33144,137.0
33145,137.0
33146,137.0
33147,18.5
33148,18.5
33149,18.5
33150,18.5
33151,18.5
33152,18.5
33153,18.5
33154,18.5
33155,18.5
33156,160.5
33157,160.5
33158,160.5
33159,160.5
33160,160.5
33161,160.5
33162,160.5
33163,160.5
33164,160.5
33165,893.0
33166,893.0
33167,893.0
33168,893.0
33169,893.0
33170,893.0
33171,893.0
33172,893.0
33173,893.0
33174,893.0
33175,893.0
33176,893.0
33177,523.0
33178,523.0
33179,523.0
33180,523.0
33181,523.0
33182,523.0
33183,523.0
33184,523.0
33185,523.0
33186,523.0
33187,470.0
33188,737.0
33189,737.0
33190,737.0
33191,737.0
33192,737.0
33193,737.0
33194,737.0
33195,321.0
33196,321.0
33197,321.0
33198,1286.0
33199,1286.0
33200,1286.0
33201,803.0
33202,803.0
33203,803.0
33204,803.0
33205,803.0
33206,803.0
33207,803.0
33208,803.0
33209,803.0
33210,803.0
33211,803.0
33212,803.0
33213,803.0
33214,584.5
33215,584.5
33216,584.5
33217,584.5
33218,584.5
33219,584.5
33220,584.5
33221,584.5
33222,584.5
33223,584.5
33224,584.5
33225,175.0
33226,175.0
33227,175.0
33228,175.0
33229,175.0
33230,175.0
33231,175.0
33232,175.0
33233,175.0
33234,1376.5
33235,1376.5
33236,1376.5
33237,1376.5
33238,1376.5
33239,1376.5
33240,1376.5
33241,1376.5
33242,1376.5
33243,1376.5
33244,1376.5
33245,1376.5
33246,1376.5
33247,449.5
33248,449.5
33249,449.5
33250,449.5
33251,449.5
33252,449.5
33253,449.5
33254,449.5
33255,449.5
33256,449.5
33257,449.5
33258,449.5
33259,449.5
33260,934.0
33261,934.0
33262,934.0
33263,934.0
33264,934.0
33265,893.0
33266,893.0
33267,893.0
33268,893.0
33269,987.5
33270,987.5
33271,987.5
33272,987.5
33273,987.5
33274,987.5
33275,987.5
33276,987.5
33277,987.5
33278,755.5
33279,755.5
33280,755.5
33281,755.5
33282,755.5
33283,755.5
33284,1775.0
33285,1775.0
33286,1775.0
33287,1775.0
33288,1775.0
33289,1775.0
33290,1775.0
33291,1775.0
33292,1775.0
33293,1775.0
33294,1775.0
33295,1862.5
33296,1862.5
33297,1862.5
33298,1862.5
33299,1862.5
33300,2235.0
33301,2235.0
33302,2235.0
33303,2235.0
33304,2235.0
33305,2235.0
33306,2235.0
33307,2235.0
33308,2235.0
33309,2235.0
33310,2235.0
33311,2195.5
33312,2195.5
33313,2195.5
33314,2133.5
33315,2133.5
33316,2263.0
33317,2263.0
33318,2263.0
33319,2263.0
33320,2263.0
33321,2263.0
33322,2096.0
33323,2096.0
33324,2096.0
33325,2096.0
33326,2096.0
33327,2145.0
33328,2145.0
33329,2145.0
33330,2145.0
33331,2145.0
33332,2145.0
33333,2122.5
33334,2122.5
33335,2122.5
33336,2122.5
33337,2122.5
33338,1352.0
33339,1352.0
33340,1352.0
33341,1352.0
33342,709.5
33343,709.5
33344,709.5
33345,709.5
33346,709.5
33347,709.5
33348,1092.0
33349,1092.0
33350,1092.0
33351,1092.0
33352,1092.0
33353,1092.0
33354,1092.0
33355,1092.0
33356,1092.0
33357,1092.0
33358,1092.0
33359,1092.0
33360,1092.0
33361,1092.0
33362,1763.0
33363,1763.0
33364,1763.0
33365,1763.0
33366,1763.0
33367,1558.0
33368,1558.0
33369,1558.0
33370,1558.0
33371,1558.0
33372,1558.0
33373,1862.5
33374,1862.5
33375,1862.5
33376,1862.5
33377,1862.5
33378,1862.5
33379,1862.5
33380,1862.5
33381,1862.5
33382,1548.5
33383,1275.0
33384,1275.0
33385,1275.0
33386,1275.0
33387,1275.0
33388,1275.0
33389,1275.0
33390,1275.0
33391,1275.0
33392,1405.5
33393,1405.5
33394,1405.5
33395,1405.5
33396,1405.5
33397,1405.5
33398,1234.0
33399,1234.0
33400,1234.0
33401,1234.0
33402,1234.0
33403,1946.0
33404,1946.0
33405,1946.0
33406,1946.0
33407,1946.0
33408,1946.0
33409,1946.0
33410,1946.0
33411,1946.0
33412,1114.5
33413,1114.5
33414,1114.5
33415,1114.5
33416,1114.5
33417,1114.5
33418,1114.5
33419,1114.5
33420,1114.5
33421,435.5
33422,820.5
33423,820.5
33424,820.5
33425,1220.5
33426,1220.5
33427,1220.5
33428,1220.5
33429,1220.5
33430,1220.5
33431,1220.5
33432,1220.5
33433,1220.5
33434,1220.5
33435,603.5
33436,603.5
33437,603.5
33438,603.5
33439,603.5
33440,603.5
33441,603.5
33442,603.5
33443,603.5
33444,603.5
33445,470.0
33446,470.0
33447,470.0
33448,470.0
33449,470.0
33450,470.0
33451,470.0
33452,470.0
33453,374.0
33454,566.0
33455,566.0
33456,566.0
33457,566.0
33458,449.5
33459,449.5
33460,449.5
33461,449.5
33462,449.5
33463,449.5
33464,449.5
33465,449.5
33466,238.0
33467,238.0
33468,238.0
33469,238.0
33470,238.0
33471,107.0
33472,107.0
33473,107.0
33474,107.0
33475,107.0
33476,107.0
33477,107.0
33478,310.0
33479,310.0
33480,310.0
33481,290.5
33482,290.5
33483,290.5
33484,398.5
33485,398.5
33486,398.5
33487,398.5
33488,398.5
33489,417.5
33490,417.5
33491,766.5
33492,766.5
33493,766.5
33494,766.5
33495,766.5
33496,766.5
33497,766.5
33498,766.5
33499,766.5
33500,1254.0
33501,1254.0
33502,1254.0
33503,1254.0
33504,1254.0
33505,1254.0
33506,1254.0
33507,1254.0
33508,1254.0
33509,1254.0
33510,1254.0
33511,1254.0
33512,1254.0
33513,1459.0
33514,1459.0
33515,1459.0
33516,1459.0
33517,1459.0
33518,1459.0
33519,1459.0
33520,623.0
33521,1136.0
33522,1136.0
33523,1136.0
33524,1136.0
33525,1136.0
33526,836.0
33527,836.0
33528,836.0
33529,836.0
33530,836.0
33531,160.5
33532,160.5
33533,160.5
33534,160.5
33535,160.5
33536,160.5
33537,255.5
33538,255.5
33539,1173.5
33540,1173.5
33541,1173.5
33542,1173.5
33543,1173.5
33544,1173.5
33545,1173.5
33546,781.5
33547,781.5
33548,781.5
33549,781.5
33550,781.5
33551,523.0
33552,523.0
33553,523.0
33554,523.0
33555,523.0
33556,523.0
33557,523.0
33558,523.0
33559,523.0
33560,523.0
33561,523.0
33562,523.0
33563,523.0
33564,523.0
33565,1568.5
33566,1568.5
33567,1568.5
33568,1568.5
33569,1568.5
33570,1568.5
33571,1568.5
33572,1568.5
33573,836.0
33574,836.0
33575,836.0
33576,836.0
33577,836.0
33578,836.0
33579,836.0
33580,374.0
33581,374.0
33582,374.0
33583,374.0
33584,374.0
33585,374.0
33586,374.0
33587,185.5
33588,185.5
33589,185.5
33590,185.5
33591,185.5
33592,185.5
33593,185.5
33594,88.5
33595,88.5
33596,88.5
33597,88.5
33598,88.5
33599,88.5
33600,88.5
33601,88.5
33602,88.5
33603,88.5
33604,88.5
33605,88.5
33606,88.5
33607,88.5
33608,18.5
33609,57.0
33610,57.0
33611,57.0
33612,57.0
33613,57.0
33614,57.0
33615,57.0
33616,57.0
33617,57.0
33618,57.0
33619,57.0
33620,57.0
33621,57.0
33622,57.0
33623,57.0
33624,38.5
33625,5.5
33626,5.5
33627,5.5
33628,5.5
33629,5.5
33630,107.0
33631,107.0
33632,107.0
33633,107.0
33634,121.0
33635,121.0
33636,121.0
33637,255.5
33638,255.5
33639,255.5
33640,255.5
33641,255.5
33642,255.5
33643,255.5
33644,255.5
33645,803.0
33646,803.0
33647,803.0
33648,1841.0
33649,1841.0
33650,1841.0
33651,1841.0
33652,1841.0
33653,1841.0
33654,1841.0
33655,2263.0
33656,2263.0
33657,2263.0
33658,2263.0
33659,2263.0
33660,2263.0
33661,2263.0
33662,2263.0
33663,2263.0
33664,2263.0
33665,2263.0
33666,2263.0
33667,1790.0
33668,1790.0
33669,1790.0
33670,1790.0
33671,1790.0
33672,1790.0
33673,1790.0
33674,1790.0
33675,1790.0
33676,1790.0
33677,1790.0
33678,1013.0
33679,1013.0
33680,1013.0
33681,1013.0
33682,1013.0
33683,1013.0
33684,1013.0
33685,1301.0
33686,1301.0
33687,1301.0
33688,1301.0
33689,1885.5
33690,1885.5
33691,1885.5
33692,1885.5
33693,1885.5
33694,1885.5
33695,1885.5
33696,1885.5
33697,1661.5
33698,1661.5
33699,1661.5
33700,1661.5
33701,1661.5
33702,1661.5
33703,1661.5
33704,1661.5
33705,1661.5
33706,1661.5
33707,1661.5
33708,1661.5
33709,1160.5
33710,1160.5
33711,1160.5
33712,1160.5
33713,1160.5
33714,964.5
33715,964.5
33716,964.5
33717,682.5
33718,682.5
33719,682.5
33720,682.5
33721,682.5
33722,682.5
33723,1438.5
33724,1438.5
33725,1438.5
33726,1438.5
33727,1438.5
33728,1438.5
33729,1438.5
33730,1438.5
33731,1438.5
33732,1438.5
33733,1391.0
33734,1391.0
33735,1391.0
33736,1706.0
33737,1706.0
33738,1706.0
33739,1706.0
33740,1706.0
33741,1932.0
33742,1932.0
33743,1932.0
33744,2110.0
33745,2110.0
33746,2110.0
33747,2110.0
33748,2110.0
33749,2110.0
33750,2110.0
33751,2110.0
33752,2110.0
33753,2110.0
33754,2110.0
33755,2110.0
33756,1969.5
33757,1969.5
33758,1969.5
33759,1969.5
33760,1969.5
33761,1969.5
33762,1969.5
33763,2284.5
33764,2284.5
33765,2284.5
33766,2284.5
33767,2284.5
33768,2284.5
33769,2284.5
33770,2284.5
33771,2284.5
33772,2284.5
33773,2284.5
33774,2284.5
33775,2284.5
33776,2371.5
33777,2371.5
33778,2386.5
33779,2386.5
33780,2386.5
33781,2386.5
33782,2386.5
33783,2386.5
33784,2386.5
33785,2386.5
33786,2386.5
33787,2408.0
33788,2408.0
33789,2408.0
33790,2408.0
33791,2408.0
33792,2408.0
33793,2398.5
33794,2398.5
33795,2398.5
33796,2398.5
33797,2398.5
33798,2398.5
33799,2398.5
33800,2398.5
33801,2398.5
33802,2398.5
